<?xml version="1.0" encoding="UTF-8"?>
<project-private xmlns="http://www.netbeans.org/ns/project-private/1">
    <editor-bookmarks xmlns="http://www.netbeans.org/ns/editor-bookmarks/2" lastBookmarkId="0"/>
    <open-files xmlns="http://www.netbeans.org/ns/projectui-open-files/2">
        <group>
            <file>file:/C:/Users/CJ/Documents/UTRGV/spring2018/software%20engineering/homework5/EMathTesting/test/emathtesting/EMathTestingTest.java</file>
            <file>file:/C:/Users/CJ/Documents/UTRGV/spring2018/software%20engineering/homework5/EMathTesting/src/emathtesting/EMathTesting.java</file>
        </group>
    </open-files>
</project-private>
